"","title","geo_accession","status","submission_date","last_update_date","type","channel_count","source_name_ch1","organism_ch1","characteristics_ch1","growth_protocol_ch1","molecule_ch1","extract_protocol_ch1","label_ch1","label_protocol_ch1","taxid_ch1","hyb_protocol","scan_protocol","description","data_processing","platform_id","contact_name","contact_email","contact_institute","contact_address","contact_city","contact_state","contact_zip/postal_code","contact_country","supplementary_file","data_row_count","relation","relation.1"
"GSM301348","Circadian time 18 Liver_CT18","GSM301348","Public on Oct 03 2008","Jun 27 2008","Aug 28 2018","RNA","1","Liver","Mus musculus","adult, male C57Bl/6J","Mice were house in light-tight chambers and entrained to a 12 hours light, 12 hours dark environment before being released into constant darkness.","total RNA","Mice were euthanized in the dark and liver samples were quickly excised.","biotin","Second-strand cDNA synthesis was followed by in vitro transcription for linear amplification of each transcript and incorporation of biotinylated CTP and UTP.","10090","The cRNA products were fragmented to 200 nucleotides or less, heated at 99 degrees C for 5 min and hybridized for 16 h at 45 degrees C. The microarrays were then washed at low (6X SSPE) and high (100mM MES, 0.1M NaCl) stringency and stained with streptavidin-phycoerythrin. Fluorescence was amplified by adding biotinylated anti-streptavidin and an additional aliquot of streptavidin-phycoerythrin stain.","A confocal scanner was used to collect fluorescence signal at 3um resolution after excitation at 570 nm. The average signal from two sequential scans was calculated for each microarray feature.","n/a","Affymetrix Microarray Suite 5.0 was used to quantitate expression levels for targeted genes; default values provided by Affymetrix were applied to all analysis parameters. Border pixels were removed, and the average intensity of pixels within the 75th percentile was computed for each probe. The average of the lowest 2% of probe intensities occurring in each of 16 microarray sectors was set as background and subtracted from all features in that sector. Probe pairs were scored positive or negative for detection of the targeted sequence by comparing signals from the perfect match and mismatch probe features.","GPL1261","Michael,,Hughes","michael.evan.hughes@gmail.com","UPenn","421 Curie Bvd, Brb 835","Philadelphia","PA","19104","USA","ftp://ftp.ncbi.nlm.nih.gov/geo/samples/GSM301nnn/GSM301348/suppl/GSM301348.CEL.gz","45101","Reanalyzed by: GSE28622","Reanalyzed by: GSE119085"
"GSM301349","Circadian time 19 Liver_CT19","GSM301349","Public on Oct 03 2008","Jun 27 2008","Aug 28 2018","RNA","1","Liver","Mus musculus","adult, male C57Bl/6J","Mice were house in light-tight chambers and entrained to a 12 hours light, 12 hours dark environment before being released into constant darkness.","total RNA","Mice were euthanized in the dark and liver samples were quickly excised.","biotin","Second-strand cDNA synthesis was followed by in vitro transcription for linear amplification of each transcript and incorporation of biotinylated CTP and UTP.","10090","The cRNA products were fragmented to 200 nucleotides or less, heated at 99 degrees C for 5 min and hybridized for 16 h at 45 degrees C. The microarrays were then washed at low (6X SSPE) and high (100mM MES, 0.1M NaCl) stringency and stained with streptavidin-phycoerythrin. Fluorescence was amplified by adding biotinylated anti-streptavidin and an additional aliquot of streptavidin-phycoerythrin stain.","A confocal scanner was used to collect fluorescence signal at 3um resolution after excitation at 570 nm. The average signal from two sequential scans was calculated for each microarray feature.","n/a","Affymetrix Microarray Suite 5.0 was used to quantitate expression levels for targeted genes; default values provided by Affymetrix were applied to all analysis parameters. Border pixels were removed, and the average intensity of pixels within the 75th percentile was computed for each probe. The average of the lowest 2% of probe intensities occurring in each of 16 microarray sectors was set as background and subtracted from all features in that sector. Probe pairs were scored positive or negative for detection of the targeted sequence by comparing signals from the perfect match and mismatch probe features.","GPL1261","Michael,,Hughes","michael.evan.hughes@gmail.com","UPenn","421 Curie Bvd, Brb 835","Philadelphia","PA","19104","USA","ftp://ftp.ncbi.nlm.nih.gov/geo/samples/GSM301nnn/GSM301349/suppl/GSM301349.CEL.gz","45101","Reanalyzed by: GSE28622","Reanalyzed by: GSE119085"
"GSM301350","Circadian time 20 Liver_CT20","GSM301350","Public on Oct 03 2008","Jun 27 2008","Aug 28 2018","RNA","1","Liver","Mus musculus","adult, male C57Bl/6J","Mice were house in light-tight chambers and entrained to a 12 hours light, 12 hours dark environment before being released into constant darkness.","total RNA","Mice were euthanized in the dark and liver samples were quickly excised.","biotin","Second-strand cDNA synthesis was followed by in vitro transcription for linear amplification of each transcript and incorporation of biotinylated CTP and UTP.","10090","The cRNA products were fragmented to 200 nucleotides or less, heated at 99 degrees C for 5 min and hybridized for 16 h at 45 degrees C. The microarrays were then washed at low (6X SSPE) and high (100mM MES, 0.1M NaCl) stringency and stained with streptavidin-phycoerythrin. Fluorescence was amplified by adding biotinylated anti-streptavidin and an additional aliquot of streptavidin-phycoerythrin stain.","A confocal scanner was used to collect fluorescence signal at 3um resolution after excitation at 570 nm. The average signal from two sequential scans was calculated for each microarray feature.","n/a","Affymetrix Microarray Suite 5.0 was used to quantitate expression levels for targeted genes; default values provided by Affymetrix were applied to all analysis parameters. Border pixels were removed, and the average intensity of pixels within the 75th percentile was computed for each probe. The average of the lowest 2% of probe intensities occurring in each of 16 microarray sectors was set as background and subtracted from all features in that sector. Probe pairs were scored positive or negative for detection of the targeted sequence by comparing signals from the perfect match and mismatch probe features.","GPL1261","Michael,,Hughes","michael.evan.hughes@gmail.com","UPenn","421 Curie Bvd, Brb 835","Philadelphia","PA","19104","USA","ftp://ftp.ncbi.nlm.nih.gov/geo/samples/GSM301nnn/GSM301350/suppl/GSM301350.CEL.gz","45101","Reanalyzed by: GSE28622","Reanalyzed by: GSE119085"
"GSM301351","Circadian time 21 Liver_CT21","GSM301351","Public on Oct 03 2008","Jun 27 2008","Aug 28 2018","RNA","1","Liver","Mus musculus","adult, male C57Bl/6J","Mice were house in light-tight chambers and entrained to a 12 hours light, 12 hours dark environment before being released into constant darkness.","total RNA","Mice were euthanized in the dark and liver samples were quickly excised.","biotin","Second-strand cDNA synthesis was followed by in vitro transcription for linear amplification of each transcript and incorporation of biotinylated CTP and UTP.","10090","The cRNA products were fragmented to 200 nucleotides or less, heated at 99 degrees C for 5 min and hybridized for 16 h at 45 degrees C. The microarrays were then washed at low (6X SSPE) and high (100mM MES, 0.1M NaCl) stringency and stained with streptavidin-phycoerythrin. Fluorescence was amplified by adding biotinylated anti-streptavidin and an additional aliquot of streptavidin-phycoerythrin stain.","A confocal scanner was used to collect fluorescence signal at 3um resolution after excitation at 570 nm. The average signal from two sequential scans was calculated for each microarray feature.","n/a","Affymetrix Microarray Suite 5.0 was used to quantitate expression levels for targeted genes; default values provided by Affymetrix were applied to all analysis parameters. Border pixels were removed, and the average intensity of pixels within the 75th percentile was computed for each probe. The average of the lowest 2% of probe intensities occurring in each of 16 microarray sectors was set as background and subtracted from all features in that sector. Probe pairs were scored positive or negative for detection of the targeted sequence by comparing signals from the perfect match and mismatch probe features.","GPL1261","Michael,,Hughes","michael.evan.hughes@gmail.com","UPenn","421 Curie Bvd, Brb 835","Philadelphia","PA","19104","USA","ftp://ftp.ncbi.nlm.nih.gov/geo/samples/GSM301nnn/GSM301351/suppl/GSM301351.CEL.gz","45101","Reanalyzed by: GSE28622","Reanalyzed by: GSE119085"
"GSM301352","Circadian time 22 Liver_CT22","GSM301352","Public on Oct 03 2008","Jun 27 2008","Aug 28 2018","RNA","1","Liver","Mus musculus","adult, male C57Bl/6J","Mice were house in light-tight chambers and entrained to a 12 hours light, 12 hours dark environment before being released into constant darkness.","total RNA","Mice were euthanized in the dark and liver samples were quickly excised.","biotin","Second-strand cDNA synthesis was followed by in vitro transcription for linear amplification of each transcript and incorporation of biotinylated CTP and UTP.","10090","The cRNA products were fragmented to 200 nucleotides or less, heated at 99 degrees C for 5 min and hybridized for 16 h at 45 degrees C. The microarrays were then washed at low (6X SSPE) and high (100mM MES, 0.1M NaCl) stringency and stained with streptavidin-phycoerythrin. Fluorescence was amplified by adding biotinylated anti-streptavidin and an additional aliquot of streptavidin-phycoerythrin stain.","A confocal scanner was used to collect fluorescence signal at 3um resolution after excitation at 570 nm. The average signal from two sequential scans was calculated for each microarray feature.","n/a","Affymetrix Microarray Suite 5.0 was used to quantitate expression levels for targeted genes; default values provided by Affymetrix were applied to all analysis parameters. Border pixels were removed, and the average intensity of pixels within the 75th percentile was computed for each probe. The average of the lowest 2% of probe intensities occurring in each of 16 microarray sectors was set as background and subtracted from all features in that sector. Probe pairs were scored positive or negative for detection of the targeted sequence by comparing signals from the perfect match and mismatch probe features.","GPL1261","Michael,,Hughes","michael.evan.hughes@gmail.com","UPenn","421 Curie Bvd, Brb 835","Philadelphia","PA","19104","USA","ftp://ftp.ncbi.nlm.nih.gov/geo/samples/GSM301nnn/GSM301352/suppl/GSM301352.CEL.gz","45101","Reanalyzed by: GSE28622","Reanalyzed by: GSE119085"
"GSM301353","Circadian time 23 Liver_CT23","GSM301353","Public on Oct 03 2008","Jun 27 2008","Aug 28 2018","RNA","1","Liver","Mus musculus","adult, male C57Bl/6J","Mice were house in light-tight chambers and entrained to a 12 hours light, 12 hours dark environment before being released into constant darkness.","total RNA","Mice were euthanized in the dark and liver samples were quickly excised.","biotin","Second-strand cDNA synthesis was followed by in vitro transcription for linear amplification of each transcript and incorporation of biotinylated CTP and UTP.","10090","The cRNA products were fragmented to 200 nucleotides or less, heated at 99 degrees C for 5 min and hybridized for 16 h at 45 degrees C. The microarrays were then washed at low (6X SSPE) and high (100mM MES, 0.1M NaCl) stringency and stained with streptavidin-phycoerythrin. Fluorescence was amplified by adding biotinylated anti-streptavidin and an additional aliquot of streptavidin-phycoerythrin stain.","A confocal scanner was used to collect fluorescence signal at 3um resolution after excitation at 570 nm. The average signal from two sequential scans was calculated for each microarray feature.","n/a","Affymetrix Microarray Suite 5.0 was used to quantitate expression levels for targeted genes; default values provided by Affymetrix were applied to all analysis parameters. Border pixels were removed, and the average intensity of pixels within the 75th percentile was computed for each probe. The average of the lowest 2% of probe intensities occurring in each of 16 microarray sectors was set as background and subtracted from all features in that sector. Probe pairs were scored positive or negative for detection of the targeted sequence by comparing signals from the perfect match and mismatch probe features.","GPL1261","Michael,,Hughes","michael.evan.hughes@gmail.com","UPenn","421 Curie Bvd, Brb 835","Philadelphia","PA","19104","USA","ftp://ftp.ncbi.nlm.nih.gov/geo/samples/GSM301nnn/GSM301353/suppl/GSM301353.CEL.gz","45101","Reanalyzed by: GSE28622","Reanalyzed by: GSE119085"
"GSM301354","Circadian time 24 Liver_CT24","GSM301354","Public on Oct 03 2008","Jun 27 2008","Aug 28 2018","RNA","1","Liver","Mus musculus","adult, male C57Bl/6J","Mice were house in light-tight chambers and entrained to a 12 hours light, 12 hours dark environment before being released into constant darkness.","total RNA","Mice were euthanized in the dark and liver samples were quickly excised.","biotin","Second-strand cDNA synthesis was followed by in vitro transcription for linear amplification of each transcript and incorporation of biotinylated CTP and UTP.","10090","The cRNA products were fragmented to 200 nucleotides or less, heated at 99 degrees C for 5 min and hybridized for 16 h at 45 degrees C. The microarrays were then washed at low (6X SSPE) and high (100mM MES, 0.1M NaCl) stringency and stained with streptavidin-phycoerythrin. Fluorescence was amplified by adding biotinylated anti-streptavidin and an additional aliquot of streptavidin-phycoerythrin stain.","A confocal scanner was used to collect fluorescence signal at 3um resolution after excitation at 570 nm. The average signal from two sequential scans was calculated for each microarray feature.","n/a","Affymetrix Microarray Suite 5.0 was used to quantitate expression levels for targeted genes; default values provided by Affymetrix were applied to all analysis parameters. Border pixels were removed, and the average intensity of pixels within the 75th percentile was computed for each probe. The average of the lowest 2% of probe intensities occurring in each of 16 microarray sectors was set as background and subtracted from all features in that sector. Probe pairs were scored positive or negative for detection of the targeted sequence by comparing signals from the perfect match and mismatch probe features.","GPL1261","Michael,,Hughes","michael.evan.hughes@gmail.com","UPenn","421 Curie Bvd, Brb 835","Philadelphia","PA","19104","USA","ftp://ftp.ncbi.nlm.nih.gov/geo/samples/GSM301nnn/GSM301354/suppl/GSM301354.CEL.gz","45101","Reanalyzed by: GSE28622","Reanalyzed by: GSE119085"
"GSM301355","Circadian time 25 Liver_CT25","GSM301355","Public on Oct 03 2008","Jun 27 2008","Aug 28 2018","RNA","1","Liver","Mus musculus","adult, male C57Bl/6J","Mice were house in light-tight chambers and entrained to a 12 hours light, 12 hours dark environment before being released into constant darkness.","total RNA","Mice were euthanized in the dark and liver samples were quickly excised.","biotin","Second-strand cDNA synthesis was followed by in vitro transcription for linear amplification of each transcript and incorporation of biotinylated CTP and UTP.","10090","The cRNA products were fragmented to 200 nucleotides or less, heated at 99 degrees C for 5 min and hybridized for 16 h at 45 degrees C. The microarrays were then washed at low (6X SSPE) and high (100mM MES, 0.1M NaCl) stringency and stained with streptavidin-phycoerythrin. Fluorescence was amplified by adding biotinylated anti-streptavidin and an additional aliquot of streptavidin-phycoerythrin stain.","A confocal scanner was used to collect fluorescence signal at 3um resolution after excitation at 570 nm. The average signal from two sequential scans was calculated for each microarray feature.","n/a","Affymetrix Microarray Suite 5.0 was used to quantitate expression levels for targeted genes; default values provided by Affymetrix were applied to all analysis parameters. Border pixels were removed, and the average intensity of pixels within the 75th percentile was computed for each probe. The average of the lowest 2% of probe intensities occurring in each of 16 microarray sectors was set as background and subtracted from all features in that sector. Probe pairs were scored positive or negative for detection of the targeted sequence by comparing signals from the perfect match and mismatch probe features.","GPL1261","Michael,,Hughes","michael.evan.hughes@gmail.com","UPenn","421 Curie Bvd, Brb 835","Philadelphia","PA","19104","USA","ftp://ftp.ncbi.nlm.nih.gov/geo/samples/GSM301nnn/GSM301355/suppl/GSM301355.CEL.gz","45101","Reanalyzed by: GSE28622","Reanalyzed by: GSE119085"
"GSM301356","Circadian time 26 Liver_CT26","GSM301356","Public on Oct 03 2008","Jun 27 2008","Aug 28 2018","RNA","1","Liver","Mus musculus","adult, male C57Bl/6J","Mice were house in light-tight chambers and entrained to a 12 hours light, 12 hours dark environment before being released into constant darkness.","total RNA","Mice were euthanized in the dark and liver samples were quickly excised.","biotin","Second-strand cDNA synthesis was followed by in vitro transcription for linear amplification of each transcript and incorporation of biotinylated CTP and UTP.","10090","The cRNA products were fragmented to 200 nucleotides or less, heated at 99 degrees C for 5 min and hybridized for 16 h at 45 degrees C. The microarrays were then washed at low (6X SSPE) and high (100mM MES, 0.1M NaCl) stringency and stained with streptavidin-phycoerythrin. Fluorescence was amplified by adding biotinylated anti-streptavidin and an additional aliquot of streptavidin-phycoerythrin stain.","A confocal scanner was used to collect fluorescence signal at 3um resolution after excitation at 570 nm. The average signal from two sequential scans was calculated for each microarray feature.","n/a","Affymetrix Microarray Suite 5.0 was used to quantitate expression levels for targeted genes; default values provided by Affymetrix were applied to all analysis parameters. Border pixels were removed, and the average intensity of pixels within the 75th percentile was computed for each probe. The average of the lowest 2% of probe intensities occurring in each of 16 microarray sectors was set as background and subtracted from all features in that sector. Probe pairs were scored positive or negative for detection of the targeted sequence by comparing signals from the perfect match and mismatch probe features.","GPL1261","Michael,,Hughes","michael.evan.hughes@gmail.com","UPenn","421 Curie Bvd, Brb 835","Philadelphia","PA","19104","USA","ftp://ftp.ncbi.nlm.nih.gov/geo/samples/GSM301nnn/GSM301356/suppl/GSM301356.CEL.gz","45101","Reanalyzed by: GSE28622","Reanalyzed by: GSE119085"
"GSM301357","Circadian time 27 Liver_CT27","GSM301357","Public on Oct 03 2008","Jun 27 2008","Aug 28 2018","RNA","1","Liver","Mus musculus","adult, male C57Bl/6J","Mice were house in light-tight chambers and entrained to a 12 hours light, 12 hours dark environment before being released into constant darkness.","total RNA","Mice were euthanized in the dark and liver samples were quickly excised.","biotin","Second-strand cDNA synthesis was followed by in vitro transcription for linear amplification of each transcript and incorporation of biotinylated CTP and UTP.","10090","The cRNA products were fragmented to 200 nucleotides or less, heated at 99 degrees C for 5 min and hybridized for 16 h at 45 degrees C. The microarrays were then washed at low (6X SSPE) and high (100mM MES, 0.1M NaCl) stringency and stained with streptavidin-phycoerythrin. Fluorescence was amplified by adding biotinylated anti-streptavidin and an additional aliquot of streptavidin-phycoerythrin stain.","A confocal scanner was used to collect fluorescence signal at 3um resolution after excitation at 570 nm. The average signal from two sequential scans was calculated for each microarray feature.","n/a","Affymetrix Microarray Suite 5.0 was used to quantitate expression levels for targeted genes; default values provided by Affymetrix were applied to all analysis parameters. Border pixels were removed, and the average intensity of pixels within the 75th percentile was computed for each probe. The average of the lowest 2% of probe intensities occurring in each of 16 microarray sectors was set as background and subtracted from all features in that sector. Probe pairs were scored positive or negative for detection of the targeted sequence by comparing signals from the perfect match and mismatch probe features.","GPL1261","Michael,,Hughes","michael.evan.hughes@gmail.com","UPenn","421 Curie Bvd, Brb 835","Philadelphia","PA","19104","USA","ftp://ftp.ncbi.nlm.nih.gov/geo/samples/GSM301nnn/GSM301357/suppl/GSM301357.CEL.gz","45101","Reanalyzed by: GSE28622","Reanalyzed by: GSE119085"
"GSM301358","Circadian time 28 Liver_CT28","GSM301358","Public on Oct 03 2008","Jun 27 2008","Aug 28 2018","RNA","1","Liver","Mus musculus","adult, male C57Bl/6J","Mice were house in light-tight chambers and entrained to a 12 hours light, 12 hours dark environment before being released into constant darkness.","total RNA","Mice were euthanized in the dark and liver samples were quickly excised.","biotin","Second-strand cDNA synthesis was followed by in vitro transcription for linear amplification of each transcript and incorporation of biotinylated CTP and UTP.","10090","The cRNA products were fragmented to 200 nucleotides or less, heated at 99 degrees C for 5 min and hybridized for 16 h at 45 degrees C. The microarrays were then washed at low (6X SSPE) and high (100mM MES, 0.1M NaCl) stringency and stained with streptavidin-phycoerythrin. Fluorescence was amplified by adding biotinylated anti-streptavidin and an additional aliquot of streptavidin-phycoerythrin stain.","A confocal scanner was used to collect fluorescence signal at 3um resolution after excitation at 570 nm. The average signal from two sequential scans was calculated for each microarray feature.","n/a","Affymetrix Microarray Suite 5.0 was used to quantitate expression levels for targeted genes; default values provided by Affymetrix were applied to all analysis parameters. Border pixels were removed, and the average intensity of pixels within the 75th percentile was computed for each probe. The average of the lowest 2% of probe intensities occurring in each of 16 microarray sectors was set as background and subtracted from all features in that sector. Probe pairs were scored positive or negative for detection of the targeted sequence by comparing signals from the perfect match and mismatch probe features.","GPL1261","Michael,,Hughes","michael.evan.hughes@gmail.com","UPenn","421 Curie Bvd, Brb 835","Philadelphia","PA","19104","USA","ftp://ftp.ncbi.nlm.nih.gov/geo/samples/GSM301nnn/GSM301358/suppl/GSM301358.CEL.gz","45101","Reanalyzed by: GSE28622","Reanalyzed by: GSE119085"
"GSM301359","Circadian time 29 Liver_CT29","GSM301359","Public on Oct 03 2008","Jun 27 2008","Aug 28 2018","RNA","1","Liver","Mus musculus","adult, male C57Bl/6J","Mice were house in light-tight chambers and entrained to a 12 hours light, 12 hours dark environment before being released into constant darkness.","total RNA","Mice were euthanized in the dark and liver samples were quickly excised.","biotin","Second-strand cDNA synthesis was followed by in vitro transcription for linear amplification of each transcript and incorporation of biotinylated CTP and UTP.","10090","The cRNA products were fragmented to 200 nucleotides or less, heated at 99 degrees C for 5 min and hybridized for 16 h at 45 degrees C. The microarrays were then washed at low (6X SSPE) and high (100mM MES, 0.1M NaCl) stringency and stained with streptavidin-phycoerythrin. Fluorescence was amplified by adding biotinylated anti-streptavidin and an additional aliquot of streptavidin-phycoerythrin stain.","A confocal scanner was used to collect fluorescence signal at 3um resolution after excitation at 570 nm. The average signal from two sequential scans was calculated for each microarray feature.","n/a","Affymetrix Microarray Suite 5.0 was used to quantitate expression levels for targeted genes; default values provided by Affymetrix were applied to all analysis parameters. Border pixels were removed, and the average intensity of pixels within the 75th percentile was computed for each probe. The average of the lowest 2% of probe intensities occurring in each of 16 microarray sectors was set as background and subtracted from all features in that sector. Probe pairs were scored positive or negative for detection of the targeted sequence by comparing signals from the perfect match and mismatch probe features.","GPL1261","Michael,,Hughes","michael.evan.hughes@gmail.com","UPenn","421 Curie Bvd, Brb 835","Philadelphia","PA","19104","USA","ftp://ftp.ncbi.nlm.nih.gov/geo/samples/GSM301nnn/GSM301359/suppl/GSM301359.CEL.gz","45101","Reanalyzed by: GSE28622","Reanalyzed by: GSE119085"
"GSM301360","Circadian time 30 Liver_CT30","GSM301360","Public on Oct 03 2008","Jun 27 2008","Aug 28 2018","RNA","1","Liver","Mus musculus","adult, male C57Bl/6J","Mice were house in light-tight chambers and entrained to a 12 hours light, 12 hours dark environment before being released into constant darkness.","total RNA","Mice were euthanized in the dark and liver samples were quickly excised.","biotin","Second-strand cDNA synthesis was followed by in vitro transcription for linear amplification of each transcript and incorporation of biotinylated CTP and UTP.","10090","The cRNA products were fragmented to 200 nucleotides or less, heated at 99 degrees C for 5 min and hybridized for 16 h at 45 degrees C. The microarrays were then washed at low (6X SSPE) and high (100mM MES, 0.1M NaCl) stringency and stained with streptavidin-phycoerythrin. Fluorescence was amplified by adding biotinylated anti-streptavidin and an additional aliquot of streptavidin-phycoerythrin stain.","A confocal scanner was used to collect fluorescence signal at 3um resolution after excitation at 570 nm. The average signal from two sequential scans was calculated for each microarray feature.","n/a","Affymetrix Microarray Suite 5.0 was used to quantitate expression levels for targeted genes; default values provided by Affymetrix were applied to all analysis parameters. Border pixels were removed, and the average intensity of pixels within the 75th percentile was computed for each probe. The average of the lowest 2% of probe intensities occurring in each of 16 microarray sectors was set as background and subtracted from all features in that sector. Probe pairs were scored positive or negative for detection of the targeted sequence by comparing signals from the perfect match and mismatch probe features.","GPL1261","Michael,,Hughes","michael.evan.hughes@gmail.com","UPenn","421 Curie Bvd, Brb 835","Philadelphia","PA","19104","USA","ftp://ftp.ncbi.nlm.nih.gov/geo/samples/GSM301nnn/GSM301360/suppl/GSM301360.CEL.gz","45101","Reanalyzed by: GSE28622","Reanalyzed by: GSE119085"
"GSM301361","Circadian time 31 Liver_CT31","GSM301361","Public on Oct 03 2008","Jun 27 2008","Aug 28 2018","RNA","1","Liver","Mus musculus","adult, male C57Bl/6J","Mice were house in light-tight chambers and entrained to a 12 hours light, 12 hours dark environment before being released into constant darkness.","total RNA","Mice were euthanized in the dark and liver samples were quickly excised.","biotin","Second-strand cDNA synthesis was followed by in vitro transcription for linear amplification of each transcript and incorporation of biotinylated CTP and UTP.","10090","The cRNA products were fragmented to 200 nucleotides or less, heated at 99 degrees C for 5 min and hybridized for 16 h at 45 degrees C. The microarrays were then washed at low (6X SSPE) and high (100mM MES, 0.1M NaCl) stringency and stained with streptavidin-phycoerythrin. Fluorescence was amplified by adding biotinylated anti-streptavidin and an additional aliquot of streptavidin-phycoerythrin stain.","A confocal scanner was used to collect fluorescence signal at 3um resolution after excitation at 570 nm. The average signal from two sequential scans was calculated for each microarray feature.","n/a","Affymetrix Microarray Suite 5.0 was used to quantitate expression levels for targeted genes; default values provided by Affymetrix were applied to all analysis parameters. Border pixels were removed, and the average intensity of pixels within the 75th percentile was computed for each probe. The average of the lowest 2% of probe intensities occurring in each of 16 microarray sectors was set as background and subtracted from all features in that sector. Probe pairs were scored positive or negative for detection of the targeted sequence by comparing signals from the perfect match and mismatch probe features.","GPL1261","Michael,,Hughes","michael.evan.hughes@gmail.com","UPenn","421 Curie Bvd, Brb 835","Philadelphia","PA","19104","USA","ftp://ftp.ncbi.nlm.nih.gov/geo/samples/GSM301nnn/GSM301361/suppl/GSM301361.CEL.gz","45101","Reanalyzed by: GSE28622","Reanalyzed by: GSE119085"
"GSM301362","Circadian time 32 Liver_CT32","GSM301362","Public on Oct 03 2008","Jun 27 2008","Aug 28 2018","RNA","1","Liver","Mus musculus","adult, male C57Bl/6J","Mice were house in light-tight chambers and entrained to a 12 hours light, 12 hours dark environment before being released into constant darkness.","total RNA","Mice were euthanized in the dark and liver samples were quickly excised.","biotin","Second-strand cDNA synthesis was followed by in vitro transcription for linear amplification of each transcript and incorporation of biotinylated CTP and UTP.","10090","The cRNA products were fragmented to 200 nucleotides or less, heated at 99 degrees C for 5 min and hybridized for 16 h at 45 degrees C. The microarrays were then washed at low (6X SSPE) and high (100mM MES, 0.1M NaCl) stringency and stained with streptavidin-phycoerythrin. Fluorescence was amplified by adding biotinylated anti-streptavidin and an additional aliquot of streptavidin-phycoerythrin stain.","A confocal scanner was used to collect fluorescence signal at 3um resolution after excitation at 570 nm. The average signal from two sequential scans was calculated for each microarray feature.","n/a","Affymetrix Microarray Suite 5.0 was used to quantitate expression levels for targeted genes; default values provided by Affymetrix were applied to all analysis parameters. Border pixels were removed, and the average intensity of pixels within the 75th percentile was computed for each probe. The average of the lowest 2% of probe intensities occurring in each of 16 microarray sectors was set as background and subtracted from all features in that sector. Probe pairs were scored positive or negative for detection of the targeted sequence by comparing signals from the perfect match and mismatch probe features.","GPL1261","Michael,,Hughes","michael.evan.hughes@gmail.com","UPenn","421 Curie Bvd, Brb 835","Philadelphia","PA","19104","USA","ftp://ftp.ncbi.nlm.nih.gov/geo/samples/GSM301nnn/GSM301362/suppl/GSM301362.CEL.gz","45101","Reanalyzed by: GSE28622","Reanalyzed by: GSE119085"
"GSM301363","Circadian time 33 Liver_CT33","GSM301363","Public on Oct 03 2008","Jun 27 2008","Aug 28 2018","RNA","1","Liver","Mus musculus","adult, male C57Bl/6J","Mice were house in light-tight chambers and entrained to a 12 hours light, 12 hours dark environment before being released into constant darkness.","total RNA","Mice were euthanized in the dark and liver samples were quickly excised.","biotin","Second-strand cDNA synthesis was followed by in vitro transcription for linear amplification of each transcript and incorporation of biotinylated CTP and UTP.","10090","The cRNA products were fragmented to 200 nucleotides or less, heated at 99 degrees C for 5 min and hybridized for 16 h at 45 degrees C. The microarrays were then washed at low (6X SSPE) and high (100mM MES, 0.1M NaCl) stringency and stained with streptavidin-phycoerythrin. Fluorescence was amplified by adding biotinylated anti-streptavidin and an additional aliquot of streptavidin-phycoerythrin stain.","A confocal scanner was used to collect fluorescence signal at 3um resolution after excitation at 570 nm. The average signal from two sequential scans was calculated for each microarray feature.","n/a","Affymetrix Microarray Suite 5.0 was used to quantitate expression levels for targeted genes; default values provided by Affymetrix were applied to all analysis parameters. Border pixels were removed, and the average intensity of pixels within the 75th percentile was computed for each probe. The average of the lowest 2% of probe intensities occurring in each of 16 microarray sectors was set as background and subtracted from all features in that sector. Probe pairs were scored positive or negative for detection of the targeted sequence by comparing signals from the perfect match and mismatch probe features.","GPL1261","Michael,,Hughes","michael.evan.hughes@gmail.com","UPenn","421 Curie Bvd, Brb 835","Philadelphia","PA","19104","USA","ftp://ftp.ncbi.nlm.nih.gov/geo/samples/GSM301nnn/GSM301363/suppl/GSM301363.CEL.gz","45101","Reanalyzed by: GSE28622","Reanalyzed by: GSE119085"
"GSM301364","Circadian time 34 Liver_CT34","GSM301364","Public on Oct 03 2008","Jun 27 2008","Aug 28 2018","RNA","1","Liver","Mus musculus","adult, male C57Bl/6J","Mice were house in light-tight chambers and entrained to a 12 hours light, 12 hours dark environment before being released into constant darkness.","total RNA","Mice were euthanized in the dark and liver samples were quickly excised.","biotin","Second-strand cDNA synthesis was followed by in vitro transcription for linear amplification of each transcript and incorporation of biotinylated CTP and UTP.","10090","The cRNA products were fragmented to 200 nucleotides or less, heated at 99 degrees C for 5 min and hybridized for 16 h at 45 degrees C. The microarrays were then washed at low (6X SSPE) and high (100mM MES, 0.1M NaCl) stringency and stained with streptavidin-phycoerythrin. Fluorescence was amplified by adding biotinylated anti-streptavidin and an additional aliquot of streptavidin-phycoerythrin stain.","A confocal scanner was used to collect fluorescence signal at 3um resolution after excitation at 570 nm. The average signal from two sequential scans was calculated for each microarray feature.","n/a","Affymetrix Microarray Suite 5.0 was used to quantitate expression levels for targeted genes; default values provided by Affymetrix were applied to all analysis parameters. Border pixels were removed, and the average intensity of pixels within the 75th percentile was computed for each probe. The average of the lowest 2% of probe intensities occurring in each of 16 microarray sectors was set as background and subtracted from all features in that sector. Probe pairs were scored positive or negative for detection of the targeted sequence by comparing signals from the perfect match and mismatch probe features.","GPL1261","Michael,,Hughes","michael.evan.hughes@gmail.com","UPenn","421 Curie Bvd, Brb 835","Philadelphia","PA","19104","USA","ftp://ftp.ncbi.nlm.nih.gov/geo/samples/GSM301nnn/GSM301364/suppl/GSM301364.CEL.gz","45101","Reanalyzed by: GSE28622","Reanalyzed by: GSE119085"
"GSM301365","Circadian time 35 Liver_CT35","GSM301365","Public on Oct 03 2008","Jun 27 2008","Aug 28 2018","RNA","1","Liver","Mus musculus","adult, male C57Bl/6J","Mice were house in light-tight chambers and entrained to a 12 hours light, 12 hours dark environment before being released into constant darkness.","total RNA","Mice were euthanized in the dark and liver samples were quickly excised.","biotin","Second-strand cDNA synthesis was followed by in vitro transcription for linear amplification of each transcript and incorporation of biotinylated CTP and UTP.","10090","The cRNA products were fragmented to 200 nucleotides or less, heated at 99 degrees C for 5 min and hybridized for 16 h at 45 degrees C. The microarrays were then washed at low (6X SSPE) and high (100mM MES, 0.1M NaCl) stringency and stained with streptavidin-phycoerythrin. Fluorescence was amplified by adding biotinylated anti-streptavidin and an additional aliquot of streptavidin-phycoerythrin stain.","A confocal scanner was used to collect fluorescence signal at 3um resolution after excitation at 570 nm. The average signal from two sequential scans was calculated for each microarray feature.","n/a","Affymetrix Microarray Suite 5.0 was used to quantitate expression levels for targeted genes; default values provided by Affymetrix were applied to all analysis parameters. Border pixels were removed, and the average intensity of pixels within the 75th percentile was computed for each probe. The average of the lowest 2% of probe intensities occurring in each of 16 microarray sectors was set as background and subtracted from all features in that sector. Probe pairs were scored positive or negative for detection of the targeted sequence by comparing signals from the perfect match and mismatch probe features.","GPL1261","Michael,,Hughes","michael.evan.hughes@gmail.com","UPenn","421 Curie Bvd, Brb 835","Philadelphia","PA","19104","USA","ftp://ftp.ncbi.nlm.nih.gov/geo/samples/GSM301nnn/GSM301365/suppl/GSM301365.CEL.gz","45101","Reanalyzed by: GSE28622","Reanalyzed by: GSE119085"
"GSM301366","Circadian time 36 Liver_CT36","GSM301366","Public on Oct 03 2008","Jun 27 2008","Aug 28 2018","RNA","1","Liver","Mus musculus","adult, male C57Bl/6J","Mice were house in light-tight chambers and entrained to a 12 hours light, 12 hours dark environment before being released into constant darkness.","total RNA","Mice were euthanized in the dark and liver samples were quickly excised.","biotin","Second-strand cDNA synthesis was followed by in vitro transcription for linear amplification of each transcript and incorporation of biotinylated CTP and UTP.","10090","The cRNA products were fragmented to 200 nucleotides or less, heated at 99 degrees C for 5 min and hybridized for 16 h at 45 degrees C. The microarrays were then washed at low (6X SSPE) and high (100mM MES, 0.1M NaCl) stringency and stained with streptavidin-phycoerythrin. Fluorescence was amplified by adding biotinylated anti-streptavidin and an additional aliquot of streptavidin-phycoerythrin stain.","A confocal scanner was used to collect fluorescence signal at 3um resolution after excitation at 570 nm. The average signal from two sequential scans was calculated for each microarray feature.","n/a","Affymetrix Microarray Suite 5.0 was used to quantitate expression levels for targeted genes; default values provided by Affymetrix were applied to all analysis parameters. Border pixels were removed, and the average intensity of pixels within the 75th percentile was computed for each probe. The average of the lowest 2% of probe intensities occurring in each of 16 microarray sectors was set as background and subtracted from all features in that sector. Probe pairs were scored positive or negative for detection of the targeted sequence by comparing signals from the perfect match and mismatch probe features.","GPL1261","Michael,,Hughes","michael.evan.hughes@gmail.com","UPenn","421 Curie Bvd, Brb 835","Philadelphia","PA","19104","USA","ftp://ftp.ncbi.nlm.nih.gov/geo/samples/GSM301nnn/GSM301366/suppl/GSM301366.CEL.gz","45101","Reanalyzed by: GSE28622","Reanalyzed by: GSE119085"
"GSM301367","Circadian time 37 Liver_CT37","GSM301367","Public on Oct 03 2008","Jun 27 2008","Aug 28 2018","RNA","1","Liver","Mus musculus","adult, male C57Bl/6J","Mice were house in light-tight chambers and entrained to a 12 hours light, 12 hours dark environment before being released into constant darkness.","total RNA","Mice were euthanized in the dark and liver samples were quickly excised.","biotin","Second-strand cDNA synthesis was followed by in vitro transcription for linear amplification of each transcript and incorporation of biotinylated CTP and UTP.","10090","The cRNA products were fragmented to 200 nucleotides or less, heated at 99 degrees C for 5 min and hybridized for 16 h at 45 degrees C. The microarrays were then washed at low (6X SSPE) and high (100mM MES, 0.1M NaCl) stringency and stained with streptavidin-phycoerythrin. Fluorescence was amplified by adding biotinylated anti-streptavidin and an additional aliquot of streptavidin-phycoerythrin stain.","A confocal scanner was used to collect fluorescence signal at 3um resolution after excitation at 570 nm. The average signal from two sequential scans was calculated for each microarray feature.","n/a","Affymetrix Microarray Suite 5.0 was used to quantitate expression levels for targeted genes; default values provided by Affymetrix were applied to all analysis parameters. Border pixels were removed, and the average intensity of pixels within the 75th percentile was computed for each probe. The average of the lowest 2% of probe intensities occurring in each of 16 microarray sectors was set as background and subtracted from all features in that sector. Probe pairs were scored positive or negative for detection of the targeted sequence by comparing signals from the perfect match and mismatch probe features.","GPL1261","Michael,,Hughes","michael.evan.hughes@gmail.com","UPenn","421 Curie Bvd, Brb 835","Philadelphia","PA","19104","USA","ftp://ftp.ncbi.nlm.nih.gov/geo/samples/GSM301nnn/GSM301367/suppl/GSM301367.CEL.gz","45101","Reanalyzed by: GSE28622","Reanalyzed by: GSE119085"
"GSM301368","Circadian time 38 Liver_CT38","GSM301368","Public on Oct 03 2008","Jun 27 2008","Aug 28 2018","RNA","1","Liver","Mus musculus","adult, male C57Bl/6J","Mice were house in light-tight chambers and entrained to a 12 hours light, 12 hours dark environment before being released into constant darkness.","total RNA","Mice were euthanized in the dark and liver samples were quickly excised.","biotin","Second-strand cDNA synthesis was followed by in vitro transcription for linear amplification of each transcript and incorporation of biotinylated CTP and UTP.","10090","The cRNA products were fragmented to 200 nucleotides or less, heated at 99 degrees C for 5 min and hybridized for 16 h at 45 degrees C. The microarrays were then washed at low (6X SSPE) and high (100mM MES, 0.1M NaCl) stringency and stained with streptavidin-phycoerythrin. Fluorescence was amplified by adding biotinylated anti-streptavidin and an additional aliquot of streptavidin-phycoerythrin stain.","A confocal scanner was used to collect fluorescence signal at 3um resolution after excitation at 570 nm. The average signal from two sequential scans was calculated for each microarray feature.","n/a","Affymetrix Microarray Suite 5.0 was used to quantitate expression levels for targeted genes; default values provided by Affymetrix were applied to all analysis parameters. Border pixels were removed, and the average intensity of pixels within the 75th percentile was computed for each probe. The average of the lowest 2% of probe intensities occurring in each of 16 microarray sectors was set as background and subtracted from all features in that sector. Probe pairs were scored positive or negative for detection of the targeted sequence by comparing signals from the perfect match and mismatch probe features.","GPL1261","Michael,,Hughes","michael.evan.hughes@gmail.com","UPenn","421 Curie Bvd, Brb 835","Philadelphia","PA","19104","USA","ftp://ftp.ncbi.nlm.nih.gov/geo/samples/GSM301nnn/GSM301368/suppl/GSM301368.CEL.gz","45101","Reanalyzed by: GSE28622","Reanalyzed by: GSE119085"
"GSM301369","Circadian time 39 Liver_CT39","GSM301369","Public on Oct 03 2008","Jun 27 2008","Aug 28 2018","RNA","1","Liver","Mus musculus","adult, male C57Bl/6J","Mice were house in light-tight chambers and entrained to a 12 hours light, 12 hours dark environment before being released into constant darkness.","total RNA","Mice were euthanized in the dark and liver samples were quickly excised.","biotin","Second-strand cDNA synthesis was followed by in vitro transcription for linear amplification of each transcript and incorporation of biotinylated CTP and UTP.","10090","The cRNA products were fragmented to 200 nucleotides or less, heated at 99 degrees C for 5 min and hybridized for 16 h at 45 degrees C. The microarrays were then washed at low (6X SSPE) and high (100mM MES, 0.1M NaCl) stringency and stained with streptavidin-phycoerythrin. Fluorescence was amplified by adding biotinylated anti-streptavidin and an additional aliquot of streptavidin-phycoerythrin stain.","A confocal scanner was used to collect fluorescence signal at 3um resolution after excitation at 570 nm. The average signal from two sequential scans was calculated for each microarray feature.","n/a","Affymetrix Microarray Suite 5.0 was used to quantitate expression levels for targeted genes; default values provided by Affymetrix were applied to all analysis parameters. Border pixels were removed, and the average intensity of pixels within the 75th percentile was computed for each probe. The average of the lowest 2% of probe intensities occurring in each of 16 microarray sectors was set as background and subtracted from all features in that sector. Probe pairs were scored positive or negative for detection of the targeted sequence by comparing signals from the perfect match and mismatch probe features.","GPL1261","Michael,,Hughes","michael.evan.hughes@gmail.com","UPenn","421 Curie Bvd, Brb 835","Philadelphia","PA","19104","USA","ftp://ftp.ncbi.nlm.nih.gov/geo/samples/GSM301nnn/GSM301369/suppl/GSM301369.CEL.gz","45101","Reanalyzed by: GSE28622","Reanalyzed by: GSE119085"
"GSM301370","Circadian time 40 Liver_CT40","GSM301370","Public on Oct 03 2008","Jun 27 2008","Aug 28 2018","RNA","1","Liver","Mus musculus","adult, male C57Bl/6J","Mice were house in light-tight chambers and entrained to a 12 hours light, 12 hours dark environment before being released into constant darkness.","total RNA","Mice were euthanized in the dark and liver samples were quickly excised.","biotin","Second-strand cDNA synthesis was followed by in vitro transcription for linear amplification of each transcript and incorporation of biotinylated CTP and UTP.","10090","The cRNA products were fragmented to 200 nucleotides or less, heated at 99 degrees C for 5 min and hybridized for 16 h at 45 degrees C. The microarrays were then washed at low (6X SSPE) and high (100mM MES, 0.1M NaCl) stringency and stained with streptavidin-phycoerythrin. Fluorescence was amplified by adding biotinylated anti-streptavidin and an additional aliquot of streptavidin-phycoerythrin stain.","A confocal scanner was used to collect fluorescence signal at 3um resolution after excitation at 570 nm. The average signal from two sequential scans was calculated for each microarray feature.","n/a","Affymetrix Microarray Suite 5.0 was used to quantitate expression levels for targeted genes; default values provided by Affymetrix were applied to all analysis parameters. Border pixels were removed, and the average intensity of pixels within the 75th percentile was computed for each probe. The average of the lowest 2% of probe intensities occurring in each of 16 microarray sectors was set as background and subtracted from all features in that sector. Probe pairs were scored positive or negative for detection of the targeted sequence by comparing signals from the perfect match and mismatch probe features.","GPL1261","Michael,,Hughes","michael.evan.hughes@gmail.com","UPenn","421 Curie Bvd, Brb 835","Philadelphia","PA","19104","USA","ftp://ftp.ncbi.nlm.nih.gov/geo/samples/GSM301nnn/GSM301370/suppl/GSM301370.CEL.gz","45101","Reanalyzed by: GSE28622","Reanalyzed by: GSE119085"
"GSM301371","Circadian time 41 Liver_CT41","GSM301371","Public on Oct 03 2008","Jun 27 2008","Aug 28 2018","RNA","1","Liver","Mus musculus","adult, male C57Bl/6J","Mice were house in light-tight chambers and entrained to a 12 hours light, 12 hours dark environment before being released into constant darkness.","total RNA","Mice were euthanized in the dark and liver samples were quickly excised.","biotin","Second-strand cDNA synthesis was followed by in vitro transcription for linear amplification of each transcript and incorporation of biotinylated CTP and UTP.","10090","The cRNA products were fragmented to 200 nucleotides or less, heated at 99 degrees C for 5 min and hybridized for 16 h at 45 degrees C. The microarrays were then washed at low (6X SSPE) and high (100mM MES, 0.1M NaCl) stringency and stained with streptavidin-phycoerythrin. Fluorescence was amplified by adding biotinylated anti-streptavidin and an additional aliquot of streptavidin-phycoerythrin stain.","A confocal scanner was used to collect fluorescence signal at 3um resolution after excitation at 570 nm. The average signal from two sequential scans was calculated for each microarray feature.","n/a","Affymetrix Microarray Suite 5.0 was used to quantitate expression levels for targeted genes; default values provided by Affymetrix were applied to all analysis parameters. Border pixels were removed, and the average intensity of pixels within the 75th percentile was computed for each probe. The average of the lowest 2% of probe intensities occurring in each of 16 microarray sectors was set as background and subtracted from all features in that sector. Probe pairs were scored positive or negative for detection of the targeted sequence by comparing signals from the perfect match and mismatch probe features.","GPL1261","Michael,,Hughes","michael.evan.hughes@gmail.com","UPenn","421 Curie Bvd, Brb 835","Philadelphia","PA","19104","USA","ftp://ftp.ncbi.nlm.nih.gov/geo/samples/GSM301nnn/GSM301371/suppl/GSM301371.CEL.gz","45101","Reanalyzed by: GSE28622","Reanalyzed by: GSE119085"
"GSM301372","Circadian time 42 Liver_CT42","GSM301372","Public on Oct 03 2008","Jun 27 2008","Aug 28 2018","RNA","1","Liver","Mus musculus","adult, male C57Bl/6J","Mice were house in light-tight chambers and entrained to a 12 hours light, 12 hours dark environment before being released into constant darkness.","total RNA","Mice were euthanized in the dark and liver samples were quickly excised.","biotin","Second-strand cDNA synthesis was followed by in vitro transcription for linear amplification of each transcript and incorporation of biotinylated CTP and UTP.","10090","The cRNA products were fragmented to 200 nucleotides or less, heated at 99 degrees C for 5 min and hybridized for 16 h at 45 degrees C. The microarrays were then washed at low (6X SSPE) and high (100mM MES, 0.1M NaCl) stringency and stained with streptavidin-phycoerythrin. Fluorescence was amplified by adding biotinylated anti-streptavidin and an additional aliquot of streptavidin-phycoerythrin stain.","A confocal scanner was used to collect fluorescence signal at 3um resolution after excitation at 570 nm. The average signal from two sequential scans was calculated for each microarray feature.","n/a","Affymetrix Microarray Suite 5.0 was used to quantitate expression levels for targeted genes; default values provided by Affymetrix were applied to all analysis parameters. Border pixels were removed, and the average intensity of pixels within the 75th percentile was computed for each probe. The average of the lowest 2% of probe intensities occurring in each of 16 microarray sectors was set as background and subtracted from all features in that sector. Probe pairs were scored positive or negative for detection of the targeted sequence by comparing signals from the perfect match and mismatch probe features.","GPL1261","Michael,,Hughes","michael.evan.hughes@gmail.com","UPenn","421 Curie Bvd, Brb 835","Philadelphia","PA","19104","USA","ftp://ftp.ncbi.nlm.nih.gov/geo/samples/GSM301nnn/GSM301372/suppl/GSM301372.CEL.gz","45101","Reanalyzed by: GSE28622","Reanalyzed by: GSE119085"
"GSM301373","Circadian time 43 Liver_CT43","GSM301373","Public on Oct 03 2008","Jun 27 2008","Aug 28 2018","RNA","1","Liver","Mus musculus","adult, male C57Bl/6J","Mice were house in light-tight chambers and entrained to a 12 hours light, 12 hours dark environment before being released into constant darkness.","total RNA","Mice were euthanized in the dark and liver samples were quickly excised.","biotin","Second-strand cDNA synthesis was followed by in vitro transcription for linear amplification of each transcript and incorporation of biotinylated CTP and UTP.","10090","The cRNA products were fragmented to 200 nucleotides or less, heated at 99 degrees C for 5 min and hybridized for 16 h at 45 degrees C. The microarrays were then washed at low (6X SSPE) and high (100mM MES, 0.1M NaCl) stringency and stained with streptavidin-phycoerythrin. Fluorescence was amplified by adding biotinylated anti-streptavidin and an additional aliquot of streptavidin-phycoerythrin stain.","A confocal scanner was used to collect fluorescence signal at 3um resolution after excitation at 570 nm. The average signal from two sequential scans was calculated for each microarray feature.","n/a","Affymetrix Microarray Suite 5.0 was used to quantitate expression levels for targeted genes; default values provided by Affymetrix were applied to all analysis parameters. Border pixels were removed, and the average intensity of pixels within the 75th percentile was computed for each probe. The average of the lowest 2% of probe intensities occurring in each of 16 microarray sectors was set as background and subtracted from all features in that sector. Probe pairs were scored positive or negative for detection of the targeted sequence by comparing signals from the perfect match and mismatch probe features.","GPL1261","Michael,,Hughes","michael.evan.hughes@gmail.com","UPenn","421 Curie Bvd, Brb 835","Philadelphia","PA","19104","USA","ftp://ftp.ncbi.nlm.nih.gov/geo/samples/GSM301nnn/GSM301373/suppl/GSM301373.CEL.gz","45101","Reanalyzed by: GSE28622","Reanalyzed by: GSE119085"
"GSM301374","Circadian time 44 Liver_CT44","GSM301374","Public on Oct 03 2008","Jun 27 2008","Aug 28 2018","RNA","1","Liver","Mus musculus","adult, male C57Bl/6J","Mice were house in light-tight chambers and entrained to a 12 hours light, 12 hours dark environment before being released into constant darkness.","total RNA","Mice were euthanized in the dark and liver samples were quickly excised.","biotin","Second-strand cDNA synthesis was followed by in vitro transcription for linear amplification of each transcript and incorporation of biotinylated CTP and UTP.","10090","The cRNA products were fragmented to 200 nucleotides or less, heated at 99 degrees C for 5 min and hybridized for 16 h at 45 degrees C. The microarrays were then washed at low (6X SSPE) and high (100mM MES, 0.1M NaCl) stringency and stained with streptavidin-phycoerythrin. Fluorescence was amplified by adding biotinylated anti-streptavidin and an additional aliquot of streptavidin-phycoerythrin stain.","A confocal scanner was used to collect fluorescence signal at 3um resolution after excitation at 570 nm. The average signal from two sequential scans was calculated for each microarray feature.","n/a","Affymetrix Microarray Suite 5.0 was used to quantitate expression levels for targeted genes; default values provided by Affymetrix were applied to all analysis parameters. Border pixels were removed, and the average intensity of pixels within the 75th percentile was computed for each probe. The average of the lowest 2% of probe intensities occurring in each of 16 microarray sectors was set as background and subtracted from all features in that sector. Probe pairs were scored positive or negative for detection of the targeted sequence by comparing signals from the perfect match and mismatch probe features.","GPL1261","Michael,,Hughes","michael.evan.hughes@gmail.com","UPenn","421 Curie Bvd, Brb 835","Philadelphia","PA","19104","USA","ftp://ftp.ncbi.nlm.nih.gov/geo/samples/GSM301nnn/GSM301374/suppl/GSM301374.CEL.gz","45101","Reanalyzed by: GSE28622","Reanalyzed by: GSE119085"
"GSM301375","Circadian time 45 Liver_CT45","GSM301375","Public on Oct 03 2008","Jun 27 2008","Aug 28 2018","RNA","1","Liver","Mus musculus","adult, male C57Bl/6J","Mice were house in light-tight chambers and entrained to a 12 hours light, 12 hours dark environment before being released into constant darkness.","total RNA","Mice were euthanized in the dark and liver samples were quickly excised.","biotin","Second-strand cDNA synthesis was followed by in vitro transcription for linear amplification of each transcript and incorporation of biotinylated CTP and UTP.","10090","The cRNA products were fragmented to 200 nucleotides or less, heated at 99 degrees C for 5 min and hybridized for 16 h at 45 degrees C. The microarrays were then washed at low (6X SSPE) and high (100mM MES, 0.1M NaCl) stringency and stained with streptavidin-phycoerythrin. Fluorescence was amplified by adding biotinylated anti-streptavidin and an additional aliquot of streptavidin-phycoerythrin stain.","A confocal scanner was used to collect fluorescence signal at 3um resolution after excitation at 570 nm. The average signal from two sequential scans was calculated for each microarray feature.","n/a","Affymetrix Microarray Suite 5.0 was used to quantitate expression levels for targeted genes; default values provided by Affymetrix were applied to all analysis parameters. Border pixels were removed, and the average intensity of pixels within the 75th percentile was computed for each probe. The average of the lowest 2% of probe intensities occurring in each of 16 microarray sectors was set as background and subtracted from all features in that sector. Probe pairs were scored positive or negative for detection of the targeted sequence by comparing signals from the perfect match and mismatch probe features.","GPL1261","Michael,,Hughes","michael.evan.hughes@gmail.com","UPenn","421 Curie Bvd, Brb 835","Philadelphia","PA","19104","USA","ftp://ftp.ncbi.nlm.nih.gov/geo/samples/GSM301nnn/GSM301375/suppl/GSM301375.CEL.gz","45101","Reanalyzed by: GSE28622","Reanalyzed by: GSE119085"
"GSM301376","Circadian time 46 Liver_CT46","GSM301376","Public on Oct 03 2008","Jun 27 2008","Aug 28 2018","RNA","1","Liver","Mus musculus","adult, male C57Bl/6J","Mice were house in light-tight chambers and entrained to a 12 hours light, 12 hours dark environment before being released into constant darkness.","total RNA","Mice were euthanized in the dark and liver samples were quickly excised.","biotin","Second-strand cDNA synthesis was followed by in vitro transcription for linear amplification of each transcript and incorporation of biotinylated CTP and UTP.","10090","The cRNA products were fragmented to 200 nucleotides or less, heated at 99 degrees C for 5 min and hybridized for 16 h at 45 degrees C. The microarrays were then washed at low (6X SSPE) and high (100mM MES, 0.1M NaCl) stringency and stained with streptavidin-phycoerythrin. Fluorescence was amplified by adding biotinylated anti-streptavidin and an additional aliquot of streptavidin-phycoerythrin stain.","A confocal scanner was used to collect fluorescence signal at 3um resolution after excitation at 570 nm. The average signal from two sequential scans was calculated for each microarray feature.","n/a","Affymetrix Microarray Suite 5.0 was used to quantitate expression levels for targeted genes; default values provided by Affymetrix were applied to all analysis parameters. Border pixels were removed, and the average intensity of pixels within the 75th percentile was computed for each probe. The average of the lowest 2% of probe intensities occurring in each of 16 microarray sectors was set as background and subtracted from all features in that sector. Probe pairs were scored positive or negative for detection of the targeted sequence by comparing signals from the perfect match and mismatch probe features.","GPL1261","Michael,,Hughes","michael.evan.hughes@gmail.com","UPenn","421 Curie Bvd, Brb 835","Philadelphia","PA","19104","USA","ftp://ftp.ncbi.nlm.nih.gov/geo/samples/GSM301nnn/GSM301376/suppl/GSM301376.CEL.gz","45101","Reanalyzed by: GSE28622","Reanalyzed by: GSE119085"
"GSM301377","Circadian time 47 Liver_CT47","GSM301377","Public on Oct 03 2008","Jun 27 2008","Aug 28 2018","RNA","1","Liver","Mus musculus","adult, male C57Bl/6J","Mice were house in light-tight chambers and entrained to a 12 hours light, 12 hours dark environment before being released into constant darkness.","total RNA","Mice were euthanized in the dark and liver samples were quickly excised.","biotin","Second-strand cDNA synthesis was followed by in vitro transcription for linear amplification of each transcript and incorporation of biotinylated CTP and UTP.","10090","The cRNA products were fragmented to 200 nucleotides or less, heated at 99 degrees C for 5 min and hybridized for 16 h at 45 degrees C. The microarrays were then washed at low (6X SSPE) and high (100mM MES, 0.1M NaCl) stringency and stained with streptavidin-phycoerythrin. Fluorescence was amplified by adding biotinylated anti-streptavidin and an additional aliquot of streptavidin-phycoerythrin stain.","A confocal scanner was used to collect fluorescence signal at 3um resolution after excitation at 570 nm. The average signal from two sequential scans was calculated for each microarray feature.","n/a","Affymetrix Microarray Suite 5.0 was used to quantitate expression levels for targeted genes; default values provided by Affymetrix were applied to all analysis parameters. Border pixels were removed, and the average intensity of pixels within the 75th percentile was computed for each probe. The average of the lowest 2% of probe intensities occurring in each of 16 microarray sectors was set as background and subtracted from all features in that sector. Probe pairs were scored positive or negative for detection of the targeted sequence by comparing signals from the perfect match and mismatch probe features.","GPL1261","Michael,,Hughes","michael.evan.hughes@gmail.com","UPenn","421 Curie Bvd, Brb 835","Philadelphia","PA","19104","USA","ftp://ftp.ncbi.nlm.nih.gov/geo/samples/GSM301nnn/GSM301377/suppl/GSM301377.CEL.gz","45101","Reanalyzed by: GSE28622","Reanalyzed by: GSE119085"
"GSM301378","Circadian time 48 Liver_CT48","GSM301378","Public on Oct 03 2008","Jun 27 2008","Aug 28 2018","RNA","1","Liver","Mus musculus","adult, male C57Bl/6J","Mice were house in light-tight chambers and entrained to a 12 hours light, 12 hours dark environment before being released into constant darkness.","total RNA","Mice were euthanized in the dark and liver samples were quickly excised.","biotin","Second-strand cDNA synthesis was followed by in vitro transcription for linear amplification of each transcript and incorporation of biotinylated CTP and UTP.","10090","The cRNA products were fragmented to 200 nucleotides or less, heated at 99 degrees C for 5 min and hybridized for 16 h at 45 degrees C. The microarrays were then washed at low (6X SSPE) and high (100mM MES, 0.1M NaCl) stringency and stained with streptavidin-phycoerythrin. Fluorescence was amplified by adding biotinylated anti-streptavidin and an additional aliquot of streptavidin-phycoerythrin stain.","A confocal scanner was used to collect fluorescence signal at 3um resolution after excitation at 570 nm. The average signal from two sequential scans was calculated for each microarray feature.","n/a","Affymetrix Microarray Suite 5.0 was used to quantitate expression levels for targeted genes; default values provided by Affymetrix were applied to all analysis parameters. Border pixels were removed, and the average intensity of pixels within the 75th percentile was computed for each probe. The average of the lowest 2% of probe intensities occurring in each of 16 microarray sectors was set as background and subtracted from all features in that sector. Probe pairs were scored positive or negative for detection of the targeted sequence by comparing signals from the perfect match and mismatch probe features.","GPL1261","Michael,,Hughes","michael.evan.hughes@gmail.com","UPenn","421 Curie Bvd, Brb 835","Philadelphia","PA","19104","USA","ftp://ftp.ncbi.nlm.nih.gov/geo/samples/GSM301nnn/GSM301378/suppl/GSM301378.CEL.gz","45101","Reanalyzed by: GSE28622","Reanalyzed by: GSE119085"
"GSM301379","Circadian time 49 Liver_CT49","GSM301379","Public on Oct 03 2008","Jun 27 2008","Aug 28 2018","RNA","1","Liver","Mus musculus","adult, male C57Bl/6J","Mice were house in light-tight chambers and entrained to a 12 hours light, 12 hours dark environment before being released into constant darkness.","total RNA","Mice were euthanized in the dark and liver samples were quickly excised.","biotin","Second-strand cDNA synthesis was followed by in vitro transcription for linear amplification of each transcript and incorporation of biotinylated CTP and UTP.","10090","The cRNA products were fragmented to 200 nucleotides or less, heated at 99 degrees C for 5 min and hybridized for 16 h at 45 degrees C. The microarrays were then washed at low (6X SSPE) and high (100mM MES, 0.1M NaCl) stringency and stained with streptavidin-phycoerythrin. Fluorescence was amplified by adding biotinylated anti-streptavidin and an additional aliquot of streptavidin-phycoerythrin stain.","A confocal scanner was used to collect fluorescence signal at 3um resolution after excitation at 570 nm. The average signal from two sequential scans was calculated for each microarray feature.","n/a","Affymetrix Microarray Suite 5.0 was used to quantitate expression levels for targeted genes; default values provided by Affymetrix were applied to all analysis parameters. Border pixels were removed, and the average intensity of pixels within the 75th percentile was computed for each probe. The average of the lowest 2% of probe intensities occurring in each of 16 microarray sectors was set as background and subtracted from all features in that sector. Probe pairs were scored positive or negative for detection of the targeted sequence by comparing signals from the perfect match and mismatch probe features.","GPL1261","Michael,,Hughes","michael.evan.hughes@gmail.com","UPenn","421 Curie Bvd, Brb 835","Philadelphia","PA","19104","USA","ftp://ftp.ncbi.nlm.nih.gov/geo/samples/GSM301nnn/GSM301379/suppl/GSM301379.CEL.gz","45101","Reanalyzed by: GSE28622","Reanalyzed by: GSE119085"
"GSM301380","Circadian time 50 Liver_CT50","GSM301380","Public on Oct 03 2008","Jun 27 2008","Aug 28 2018","RNA","1","Liver","Mus musculus","adult, male C57Bl/6J","Mice were house in light-tight chambers and entrained to a 12 hours light, 12 hours dark environment before being released into constant darkness.","total RNA","Mice were euthanized in the dark and liver samples were quickly excised.","biotin","Second-strand cDNA synthesis was followed by in vitro transcription for linear amplification of each transcript and incorporation of biotinylated CTP and UTP.","10090","The cRNA products were fragmented to 200 nucleotides or less, heated at 99 degrees C for 5 min and hybridized for 16 h at 45 degrees C. The microarrays were then washed at low (6X SSPE) and high (100mM MES, 0.1M NaCl) stringency and stained with streptavidin-phycoerythrin. Fluorescence was amplified by adding biotinylated anti-streptavidin and an additional aliquot of streptavidin-phycoerythrin stain.","A confocal scanner was used to collect fluorescence signal at 3um resolution after excitation at 570 nm. The average signal from two sequential scans was calculated for each microarray feature.","n/a","Affymetrix Microarray Suite 5.0 was used to quantitate expression levels for targeted genes; default values provided by Affymetrix were applied to all analysis parameters. Border pixels were removed, and the average intensity of pixels within the 75th percentile was computed for each probe. The average of the lowest 2% of probe intensities occurring in each of 16 microarray sectors was set as background and subtracted from all features in that sector. Probe pairs were scored positive or negative for detection of the targeted sequence by comparing signals from the perfect match and mismatch probe features.","GPL1261","Michael,,Hughes","michael.evan.hughes@gmail.com","UPenn","421 Curie Bvd, Brb 835","Philadelphia","PA","19104","USA","ftp://ftp.ncbi.nlm.nih.gov/geo/samples/GSM301nnn/GSM301380/suppl/GSM301380.CEL.gz","45101","Reanalyzed by: GSE28622","Reanalyzed by: GSE119085"
"GSM301381","Circadian time 51 Liver_CT51","GSM301381","Public on Oct 03 2008","Jun 27 2008","Aug 28 2018","RNA","1","Liver","Mus musculus","adult, male C57Bl/6J","Mice were house in light-tight chambers and entrained to a 12 hours light, 12 hours dark environment before being released into constant darkness.","total RNA","Mice were euthanized in the dark and liver samples were quickly excised.","biotin","Second-strand cDNA synthesis was followed by in vitro transcription for linear amplification of each transcript and incorporation of biotinylated CTP and UTP.","10090","The cRNA products were fragmented to 200 nucleotides or less, heated at 99 degrees C for 5 min and hybridized for 16 h at 45 degrees C. The microarrays were then washed at low (6X SSPE) and high (100mM MES, 0.1M NaCl) stringency and stained with streptavidin-phycoerythrin. Fluorescence was amplified by adding biotinylated anti-streptavidin and an additional aliquot of streptavidin-phycoerythrin stain.","A confocal scanner was used to collect fluorescence signal at 3um resolution after excitation at 570 nm. The average signal from two sequential scans was calculated for each microarray feature.","n/a","Affymetrix Microarray Suite 5.0 was used to quantitate expression levels for targeted genes; default values provided by Affymetrix were applied to all analysis parameters. Border pixels were removed, and the average intensity of pixels within the 75th percentile was computed for each probe. The average of the lowest 2% of probe intensities occurring in each of 16 microarray sectors was set as background and subtracted from all features in that sector. Probe pairs were scored positive or negative for detection of the targeted sequence by comparing signals from the perfect match and mismatch probe features.","GPL1261","Michael,,Hughes","michael.evan.hughes@gmail.com","UPenn","421 Curie Bvd, Brb 835","Philadelphia","PA","19104","USA","ftp://ftp.ncbi.nlm.nih.gov/geo/samples/GSM301nnn/GSM301381/suppl/GSM301381.CEL.gz","45101","Reanalyzed by: GSE28622","Reanalyzed by: GSE119085"
"GSM301382","Circadian time 52 Liver_CT52","GSM301382","Public on Oct 03 2008","Jun 27 2008","Aug 28 2018","RNA","1","Liver","Mus musculus","adult, male C57Bl/6J","Mice were house in light-tight chambers and entrained to a 12 hours light, 12 hours dark environment before being released into constant darkness.","total RNA","Mice were euthanized in the dark and liver samples were quickly excised.","biotin","Second-strand cDNA synthesis was followed by in vitro transcription for linear amplification of each transcript and incorporation of biotinylated CTP and UTP.","10090","The cRNA products were fragmented to 200 nucleotides or less, heated at 99 degrees C for 5 min and hybridized for 16 h at 45 degrees C. The microarrays were then washed at low (6X SSPE) and high (100mM MES, 0.1M NaCl) stringency and stained with streptavidin-phycoerythrin. Fluorescence was amplified by adding biotinylated anti-streptavidin and an additional aliquot of streptavidin-phycoerythrin stain.","A confocal scanner was used to collect fluorescence signal at 3um resolution after excitation at 570 nm. The average signal from two sequential scans was calculated for each microarray feature.","n/a","Affymetrix Microarray Suite 5.0 was used to quantitate expression levels for targeted genes; default values provided by Affymetrix were applied to all analysis parameters. Border pixels were removed, and the average intensity of pixels within the 75th percentile was computed for each probe. The average of the lowest 2% of probe intensities occurring in each of 16 microarray sectors was set as background and subtracted from all features in that sector. Probe pairs were scored positive or negative for detection of the targeted sequence by comparing signals from the perfect match and mismatch probe features.","GPL1261","Michael,,Hughes","michael.evan.hughes@gmail.com","UPenn","421 Curie Bvd, Brb 835","Philadelphia","PA","19104","USA","ftp://ftp.ncbi.nlm.nih.gov/geo/samples/GSM301nnn/GSM301382/suppl/GSM301382.CEL.gz","45101","Reanalyzed by: GSE28622","Reanalyzed by: GSE119085"
"GSM301383","Circadian time 53 Liver_CT53","GSM301383","Public on Oct 03 2008","Jun 27 2008","Aug 28 2018","RNA","1","Liver","Mus musculus","adult, male C57Bl/6J","Mice were house in light-tight chambers and entrained to a 12 hours light, 12 hours dark environment before being released into constant darkness.","total RNA","Mice were euthanized in the dark and liver samples were quickly excised.","biotin","Second-strand cDNA synthesis was followed by in vitro transcription for linear amplification of each transcript and incorporation of biotinylated CTP and UTP.","10090","The cRNA products were fragmented to 200 nucleotides or less, heated at 99 degrees C for 5 min and hybridized for 16 h at 45 degrees C. The microarrays were then washed at low (6X SSPE) and high (100mM MES, 0.1M NaCl) stringency and stained with streptavidin-phycoerythrin. Fluorescence was amplified by adding biotinylated anti-streptavidin and an additional aliquot of streptavidin-phycoerythrin stain.","A confocal scanner was used to collect fluorescence signal at 3um resolution after excitation at 570 nm. The average signal from two sequential scans was calculated for each microarray feature.","n/a","Affymetrix Microarray Suite 5.0 was used to quantitate expression levels for targeted genes; default values provided by Affymetrix were applied to all analysis parameters. Border pixels were removed, and the average intensity of pixels within the 75th percentile was computed for each probe. The average of the lowest 2% of probe intensities occurring in each of 16 microarray sectors was set as background and subtracted from all features in that sector. Probe pairs were scored positive or negative for detection of the targeted sequence by comparing signals from the perfect match and mismatch probe features.","GPL1261","Michael,,Hughes","michael.evan.hughes@gmail.com","UPenn","421 Curie Bvd, Brb 835","Philadelphia","PA","19104","USA","ftp://ftp.ncbi.nlm.nih.gov/geo/samples/GSM301nnn/GSM301383/suppl/GSM301383.CEL.gz","45101","Reanalyzed by: GSE28622","Reanalyzed by: GSE119085"
"GSM301384","Circadian time 54 Liver_CT54","GSM301384","Public on Oct 03 2008","Jun 27 2008","Aug 28 2018","RNA","1","Liver","Mus musculus","adult, male C57Bl/6J","Mice were house in light-tight chambers and entrained to a 12 hours light, 12 hours dark environment before being released into constant darkness.","total RNA","Mice were euthanized in the dark and liver samples were quickly excised.","biotin","Second-strand cDNA synthesis was followed by in vitro transcription for linear amplification of each transcript and incorporation of biotinylated CTP and UTP.","10090","The cRNA products were fragmented to 200 nucleotides or less, heated at 99 degrees C for 5 min and hybridized for 16 h at 45 degrees C. The microarrays were then washed at low (6X SSPE) and high (100mM MES, 0.1M NaCl) stringency and stained with streptavidin-phycoerythrin. Fluorescence was amplified by adding biotinylated anti-streptavidin and an additional aliquot of streptavidin-phycoerythrin stain.","A confocal scanner was used to collect fluorescence signal at 3um resolution after excitation at 570 nm. The average signal from two sequential scans was calculated for each microarray feature.","n/a","Affymetrix Microarray Suite 5.0 was used to quantitate expression levels for targeted genes; default values provided by Affymetrix were applied to all analysis parameters. Border pixels were removed, and the average intensity of pixels within the 75th percentile was computed for each probe. The average of the lowest 2% of probe intensities occurring in each of 16 microarray sectors was set as background and subtracted from all features in that sector. Probe pairs were scored positive or negative for detection of the targeted sequence by comparing signals from the perfect match and mismatch probe features.","GPL1261","Michael,,Hughes","michael.evan.hughes@gmail.com","UPenn","421 Curie Bvd, Brb 835","Philadelphia","PA","19104","USA","ftp://ftp.ncbi.nlm.nih.gov/geo/samples/GSM301nnn/GSM301384/suppl/GSM301384.CEL.gz","45101","Reanalyzed by: GSE28622","Reanalyzed by: GSE119085"
"GSM301385","Circadian time 55 Liver_CT55","GSM301385","Public on Oct 03 2008","Jun 27 2008","Aug 28 2018","RNA","1","Liver","Mus musculus","adult, male C57Bl/6J","Mice were house in light-tight chambers and entrained to a 12 hours light, 12 hours dark environment before being released into constant darkness.","total RNA","Mice were euthanized in the dark and liver samples were quickly excised.","biotin","Second-strand cDNA synthesis was followed by in vitro transcription for linear amplification of each transcript and incorporation of biotinylated CTP and UTP.","10090","The cRNA products were fragmented to 200 nucleotides or less, heated at 99 degrees C for 5 min and hybridized for 16 h at 45 degrees C. The microarrays were then washed at low (6X SSPE) and high (100mM MES, 0.1M NaCl) stringency and stained with streptavidin-phycoerythrin. Fluorescence was amplified by adding biotinylated anti-streptavidin and an additional aliquot of streptavidin-phycoerythrin stain.","A confocal scanner was used to collect fluorescence signal at 3um resolution after excitation at 570 nm. The average signal from two sequential scans was calculated for each microarray feature.","n/a","Affymetrix Microarray Suite 5.0 was used to quantitate expression levels for targeted genes; default values provided by Affymetrix were applied to all analysis parameters. Border pixels were removed, and the average intensity of pixels within the 75th percentile was computed for each probe. The average of the lowest 2% of probe intensities occurring in each of 16 microarray sectors was set as background and subtracted from all features in that sector. Probe pairs were scored positive or negative for detection of the targeted sequence by comparing signals from the perfect match and mismatch probe features.","GPL1261","Michael,,Hughes","michael.evan.hughes@gmail.com","UPenn","421 Curie Bvd, Brb 835","Philadelphia","PA","19104","USA","ftp://ftp.ncbi.nlm.nih.gov/geo/samples/GSM301nnn/GSM301385/suppl/GSM301385.CEL.gz","45101","Reanalyzed by: GSE28622","Reanalyzed by: GSE119085"
"GSM301386","Circadian time 56 Liver_CT56","GSM301386","Public on Oct 03 2008","Jun 27 2008","Aug 28 2018","RNA","1","Liver","Mus musculus","adult, male C57Bl/6J","Mice were house in light-tight chambers and entrained to a 12 hours light, 12 hours dark environment before being released into constant darkness.","total RNA","Mice were euthanized in the dark and liver samples were quickly excised.","biotin","Second-strand cDNA synthesis was followed by in vitro transcription for linear amplification of each transcript and incorporation of biotinylated CTP and UTP.","10090","The cRNA products were fragmented to 200 nucleotides or less, heated at 99 degrees C for 5 min and hybridized for 16 h at 45 degrees C. The microarrays were then washed at low (6X SSPE) and high (100mM MES, 0.1M NaCl) stringency and stained with streptavidin-phycoerythrin. Fluorescence was amplified by adding biotinylated anti-streptavidin and an additional aliquot of streptavidin-phycoerythrin stain.","A confocal scanner was used to collect fluorescence signal at 3um resolution after excitation at 570 nm. The average signal from two sequential scans was calculated for each microarray feature.","n/a","Affymetrix Microarray Suite 5.0 was used to quantitate expression levels for targeted genes; default values provided by Affymetrix were applied to all analysis parameters. Border pixels were removed, and the average intensity of pixels within the 75th percentile was computed for each probe. The average of the lowest 2% of probe intensities occurring in each of 16 microarray sectors was set as background and subtracted from all features in that sector. Probe pairs were scored positive or negative for detection of the targeted sequence by comparing signals from the perfect match and mismatch probe features.","GPL1261","Michael,,Hughes","michael.evan.hughes@gmail.com","UPenn","421 Curie Bvd, Brb 835","Philadelphia","PA","19104","USA","ftp://ftp.ncbi.nlm.nih.gov/geo/samples/GSM301nnn/GSM301386/suppl/GSM301386.CEL.gz","45101","Reanalyzed by: GSE28622","Reanalyzed by: GSE119085"
"GSM301387","Circadian time 57 Liver_CT57","GSM301387","Public on Oct 03 2008","Jun 27 2008","Aug 28 2018","RNA","1","Liver","Mus musculus","adult, male C57Bl/6J","Mice were house in light-tight chambers and entrained to a 12 hours light, 12 hours dark environment before being released into constant darkness.","total RNA","Mice were euthanized in the dark and liver samples were quickly excised.","biotin","Second-strand cDNA synthesis was followed by in vitro transcription for linear amplification of each transcript and incorporation of biotinylated CTP and UTP.","10090","The cRNA products were fragmented to 200 nucleotides or less, heated at 99 degrees C for 5 min and hybridized for 16 h at 45 degrees C. The microarrays were then washed at low (6X SSPE) and high (100mM MES, 0.1M NaCl) stringency and stained with streptavidin-phycoerythrin. Fluorescence was amplified by adding biotinylated anti-streptavidin and an additional aliquot of streptavidin-phycoerythrin stain.","A confocal scanner was used to collect fluorescence signal at 3um resolution after excitation at 570 nm. The average signal from two sequential scans was calculated for each microarray feature.","n/a","Affymetrix Microarray Suite 5.0 was used to quantitate expression levels for targeted genes; default values provided by Affymetrix were applied to all analysis parameters. Border pixels were removed, and the average intensity of pixels within the 75th percentile was computed for each probe. The average of the lowest 2% of probe intensities occurring in each of 16 microarray sectors was set as background and subtracted from all features in that sector. Probe pairs were scored positive or negative for detection of the targeted sequence by comparing signals from the perfect match and mismatch probe features.","GPL1261","Michael,,Hughes","michael.evan.hughes@gmail.com","UPenn","421 Curie Bvd, Brb 835","Philadelphia","PA","19104","USA","ftp://ftp.ncbi.nlm.nih.gov/geo/samples/GSM301nnn/GSM301387/suppl/GSM301387.CEL.gz","45101","Reanalyzed by: GSE28622","Reanalyzed by: GSE119085"
"GSM301388","Circadian time 58 Liver_CT58","GSM301388","Public on Oct 03 2008","Jun 27 2008","Aug 28 2018","RNA","1","Liver","Mus musculus","adult, male C57Bl/6J","Mice were house in light-tight chambers and entrained to a 12 hours light, 12 hours dark environment before being released into constant darkness.","total RNA","Mice were euthanized in the dark and liver samples were quickly excised.","biotin","Second-strand cDNA synthesis was followed by in vitro transcription for linear amplification of each transcript and incorporation of biotinylated CTP and UTP.","10090","The cRNA products were fragmented to 200 nucleotides or less, heated at 99 degrees C for 5 min and hybridized for 16 h at 45 degrees C. The microarrays were then washed at low (6X SSPE) and high (100mM MES, 0.1M NaCl) stringency and stained with streptavidin-phycoerythrin. Fluorescence was amplified by adding biotinylated anti-streptavidin and an additional aliquot of streptavidin-phycoerythrin stain.","A confocal scanner was used to collect fluorescence signal at 3um resolution after excitation at 570 nm. The average signal from two sequential scans was calculated for each microarray feature.","n/a","Affymetrix Microarray Suite 5.0 was used to quantitate expression levels for targeted genes; default values provided by Affymetrix were applied to all analysis parameters. Border pixels were removed, and the average intensity of pixels within the 75th percentile was computed for each probe. The average of the lowest 2% of probe intensities occurring in each of 16 microarray sectors was set as background and subtracted from all features in that sector. Probe pairs were scored positive or negative for detection of the targeted sequence by comparing signals from the perfect match and mismatch probe features.","GPL1261","Michael,,Hughes","michael.evan.hughes@gmail.com","UPenn","421 Curie Bvd, Brb 835","Philadelphia","PA","19104","USA","ftp://ftp.ncbi.nlm.nih.gov/geo/samples/GSM301nnn/GSM301388/suppl/GSM301388.CEL.gz","45101","Reanalyzed by: GSE28622","Reanalyzed by: GSE119085"
"GSM301389","Circadian time 59 Liver_CT59","GSM301389","Public on Oct 03 2008","Jun 27 2008","Aug 28 2018","RNA","1","Liver","Mus musculus","adult, male C57Bl/6J","Mice were house in light-tight chambers and entrained to a 12 hours light, 12 hours dark environment before being released into constant darkness.","total RNA","Mice were euthanized in the dark and liver samples were quickly excised.","biotin","Second-strand cDNA synthesis was followed by in vitro transcription for linear amplification of each transcript and incorporation of biotinylated CTP and UTP.","10090","The cRNA products were fragmented to 200 nucleotides or less, heated at 99 degrees C for 5 min and hybridized for 16 h at 45 degrees C. The microarrays were then washed at low (6X SSPE) and high (100mM MES, 0.1M NaCl) stringency and stained with streptavidin-phycoerythrin. Fluorescence was amplified by adding biotinylated anti-streptavidin and an additional aliquot of streptavidin-phycoerythrin stain.","A confocal scanner was used to collect fluorescence signal at 3um resolution after excitation at 570 nm. The average signal from two sequential scans was calculated for each microarray feature.","n/a","Affymetrix Microarray Suite 5.0 was used to quantitate expression levels for targeted genes; default values provided by Affymetrix were applied to all analysis parameters. Border pixels were removed, and the average intensity of pixels within the 75th percentile was computed for each probe. The average of the lowest 2% of probe intensities occurring in each of 16 microarray sectors was set as background and subtracted from all features in that sector. Probe pairs were scored positive or negative for detection of the targeted sequence by comparing signals from the perfect match and mismatch probe features.","GPL1261","Michael,,Hughes","michael.evan.hughes@gmail.com","UPenn","421 Curie Bvd, Brb 835","Philadelphia","PA","19104","USA","ftp://ftp.ncbi.nlm.nih.gov/geo/samples/GSM301nnn/GSM301389/suppl/GSM301389.CEL.gz","45101","Reanalyzed by: GSE28622","Reanalyzed by: GSE119085"
"GSM301390","Circadian time 60 Liver_CT60","GSM301390","Public on Oct 03 2008","Jun 27 2008","Aug 28 2018","RNA","1","Liver","Mus musculus","adult, male C57Bl/6J","Mice were house in light-tight chambers and entrained to a 12 hours light, 12 hours dark environment before being released into constant darkness.","total RNA","Mice were euthanized in the dark and liver samples were quickly excised.","biotin","Second-strand cDNA synthesis was followed by in vitro transcription for linear amplification of each transcript and incorporation of biotinylated CTP and UTP.","10090","The cRNA products were fragmented to 200 nucleotides or less, heated at 99 degrees C for 5 min and hybridized for 16 h at 45 degrees C. The microarrays were then washed at low (6X SSPE) and high (100mM MES, 0.1M NaCl) stringency and stained with streptavidin-phycoerythrin. Fluorescence was amplified by adding biotinylated anti-streptavidin and an additional aliquot of streptavidin-phycoerythrin stain.","A confocal scanner was used to collect fluorescence signal at 3um resolution after excitation at 570 nm. The average signal from two sequential scans was calculated for each microarray feature.","n/a","Affymetrix Microarray Suite 5.0 was used to quantitate expression levels for targeted genes; default values provided by Affymetrix were applied to all analysis parameters. Border pixels were removed, and the average intensity of pixels within the 75th percentile was computed for each probe. The average of the lowest 2% of probe intensities occurring in each of 16 microarray sectors was set as background and subtracted from all features in that sector. Probe pairs were scored positive or negative for detection of the targeted sequence by comparing signals from the perfect match and mismatch probe features.","GPL1261","Michael,,Hughes","michael.evan.hughes@gmail.com","UPenn","421 Curie Bvd, Brb 835","Philadelphia","PA","19104","USA","ftp://ftp.ncbi.nlm.nih.gov/geo/samples/GSM301nnn/GSM301390/suppl/GSM301390.CEL.gz","45101","Reanalyzed by: GSE28622","Reanalyzed by: GSE119085"
"GSM301391","Circadian time 61 Liver_CT61","GSM301391","Public on Oct 03 2008","Jun 27 2008","Aug 28 2018","RNA","1","Liver","Mus musculus","adult, male C57Bl/6J","Mice were house in light-tight chambers and entrained to a 12 hours light, 12 hours dark environment before being released into constant darkness.","total RNA","Mice were euthanized in the dark and liver samples were quickly excised.","biotin","Second-strand cDNA synthesis was followed by in vitro transcription for linear amplification of each transcript and incorporation of biotinylated CTP and UTP.","10090","The cRNA products were fragmented to 200 nucleotides or less, heated at 99 degrees C for 5 min and hybridized for 16 h at 45 degrees C. The microarrays were then washed at low (6X SSPE) and high (100mM MES, 0.1M NaCl) stringency and stained with streptavidin-phycoerythrin. Fluorescence was amplified by adding biotinylated anti-streptavidin and an additional aliquot of streptavidin-phycoerythrin stain.","A confocal scanner was used to collect fluorescence signal at 3um resolution after excitation at 570 nm. The average signal from two sequential scans was calculated for each microarray feature.","n/a","Affymetrix Microarray Suite 5.0 was used to quantitate expression levels for targeted genes; default values provided by Affymetrix were applied to all analysis parameters. Border pixels were removed, and the average intensity of pixels within the 75th percentile was computed for each probe. The average of the lowest 2% of probe intensities occurring in each of 16 microarray sectors was set as background and subtracted from all features in that sector. Probe pairs were scored positive or negative for detection of the targeted sequence by comparing signals from the perfect match and mismatch probe features.","GPL1261","Michael,,Hughes","michael.evan.hughes@gmail.com","UPenn","421 Curie Bvd, Brb 835","Philadelphia","PA","19104","USA","ftp://ftp.ncbi.nlm.nih.gov/geo/samples/GSM301nnn/GSM301391/suppl/GSM301391.CEL.gz","45101","Reanalyzed by: GSE28622","Reanalyzed by: GSE119085"
"GSM301392","Circadian time 62 Liver_CT62","GSM301392","Public on Oct 03 2008","Jun 27 2008","Aug 28 2018","RNA","1","Liver","Mus musculus","adult, male C57Bl/6J","Mice were house in light-tight chambers and entrained to a 12 hours light, 12 hours dark environment before being released into constant darkness.","total RNA","Mice were euthanized in the dark and liver samples were quickly excised.","biotin","Second-strand cDNA synthesis was followed by in vitro transcription for linear amplification of each transcript and incorporation of biotinylated CTP and UTP.","10090","The cRNA products were fragmented to 200 nucleotides or less, heated at 99 degrees C for 5 min and hybridized for 16 h at 45 degrees C. The microarrays were then washed at low (6X SSPE) and high (100mM MES, 0.1M NaCl) stringency and stained with streptavidin-phycoerythrin. Fluorescence was amplified by adding biotinylated anti-streptavidin and an additional aliquot of streptavidin-phycoerythrin stain.","A confocal scanner was used to collect fluorescence signal at 3um resolution after excitation at 570 nm. The average signal from two sequential scans was calculated for each microarray feature.","n/a","Affymetrix Microarray Suite 5.0 was used to quantitate expression levels for targeted genes; default values provided by Affymetrix were applied to all analysis parameters. Border pixels were removed, and the average intensity of pixels within the 75th percentile was computed for each probe. The average of the lowest 2% of probe intensities occurring in each of 16 microarray sectors was set as background and subtracted from all features in that sector. Probe pairs were scored positive or negative for detection of the targeted sequence by comparing signals from the perfect match and mismatch probe features.","GPL1261","Michael,,Hughes","michael.evan.hughes@gmail.com","UPenn","421 Curie Bvd, Brb 835","Philadelphia","PA","19104","USA","ftp://ftp.ncbi.nlm.nih.gov/geo/samples/GSM301nnn/GSM301392/suppl/GSM301392.CEL.gz","45101","Reanalyzed by: GSE28622","Reanalyzed by: GSE119085"
"GSM301393","Circadian time 63 Liver_CT63","GSM301393","Public on Oct 03 2008","Jun 27 2008","Aug 28 2018","RNA","1","Liver","Mus musculus","adult, male C57Bl/6J","Mice were house in light-tight chambers and entrained to a 12 hours light, 12 hours dark environment before being released into constant darkness.","total RNA","Mice were euthanized in the dark and liver samples were quickly excised.","biotin","Second-strand cDNA synthesis was followed by in vitro transcription for linear amplification of each transcript and incorporation of biotinylated CTP and UTP.","10090","The cRNA products were fragmented to 200 nucleotides or less, heated at 99 degrees C for 5 min and hybridized for 16 h at 45 degrees C. The microarrays were then washed at low (6X SSPE) and high (100mM MES, 0.1M NaCl) stringency and stained with streptavidin-phycoerythrin. Fluorescence was amplified by adding biotinylated anti-streptavidin and an additional aliquot of streptavidin-phycoerythrin stain.","A confocal scanner was used to collect fluorescence signal at 3um resolution after excitation at 570 nm. The average signal from two sequential scans was calculated for each microarray feature.","n/a","Affymetrix Microarray Suite 5.0 was used to quantitate expression levels for targeted genes; default values provided by Affymetrix were applied to all analysis parameters. Border pixels were removed, and the average intensity of pixels within the 75th percentile was computed for each probe. The average of the lowest 2% of probe intensities occurring in each of 16 microarray sectors was set as background and subtracted from all features in that sector. Probe pairs were scored positive or negative for detection of the targeted sequence by comparing signals from the perfect match and mismatch probe features.","GPL1261","Michael,,Hughes","michael.evan.hughes@gmail.com","UPenn","421 Curie Bvd, Brb 835","Philadelphia","PA","19104","USA","ftp://ftp.ncbi.nlm.nih.gov/geo/samples/GSM301nnn/GSM301393/suppl/GSM301393.CEL.gz","45101","Reanalyzed by: GSE28622","Reanalyzed by: GSE119085"
"GSM301394","Circadian time 64 Liver_CT64","GSM301394","Public on Oct 03 2008","Jun 27 2008","Aug 28 2018","RNA","1","Liver","Mus musculus","adult, male C57Bl/6J","Mice were house in light-tight chambers and entrained to a 12 hours light, 12 hours dark environment before being released into constant darkness.","total RNA","Mice were euthanized in the dark and liver samples were quickly excised.","biotin","Second-strand cDNA synthesis was followed by in vitro transcription for linear amplification of each transcript and incorporation of biotinylated CTP and UTP.","10090","The cRNA products were fragmented to 200 nucleotides or less, heated at 99 degrees C for 5 min and hybridized for 16 h at 45 degrees C. The microarrays were then washed at low (6X SSPE) and high (100mM MES, 0.1M NaCl) stringency and stained with streptavidin-phycoerythrin. Fluorescence was amplified by adding biotinylated anti-streptavidin and an additional aliquot of streptavidin-phycoerythrin stain.","A confocal scanner was used to collect fluorescence signal at 3um resolution after excitation at 570 nm. The average signal from two sequential scans was calculated for each microarray feature.","n/a","Affymetrix Microarray Suite 5.0 was used to quantitate expression levels for targeted genes; default values provided by Affymetrix were applied to all analysis parameters. Border pixels were removed, and the average intensity of pixels within the 75th percentile was computed for each probe. The average of the lowest 2% of probe intensities occurring in each of 16 microarray sectors was set as background and subtracted from all features in that sector. Probe pairs were scored positive or negative for detection of the targeted sequence by comparing signals from the perfect match and mismatch probe features.","GPL1261","Michael,,Hughes","michael.evan.hughes@gmail.com","UPenn","421 Curie Bvd, Brb 835","Philadelphia","PA","19104","USA","ftp://ftp.ncbi.nlm.nih.gov/geo/samples/GSM301nnn/GSM301394/suppl/GSM301394.CEL.gz","45101","Reanalyzed by: GSE28622","Reanalyzed by: GSE119085"
"GSM301395","Circadian time 65 Liver_CT65","GSM301395","Public on Oct 03 2008","Jun 27 2008","Aug 28 2018","RNA","1","Liver","Mus musculus","adult, male C57Bl/6J","Mice were house in light-tight chambers and entrained to a 12 hours light, 12 hours dark environment before being released into constant darkness.","total RNA","Mice were euthanized in the dark and liver samples were quickly excised.","biotin","Second-strand cDNA synthesis was followed by in vitro transcription for linear amplification of each transcript and incorporation of biotinylated CTP and UTP.","10090","The cRNA products were fragmented to 200 nucleotides or less, heated at 99 degrees C for 5 min and hybridized for 16 h at 45 degrees C. The microarrays were then washed at low (6X SSPE) and high (100mM MES, 0.1M NaCl) stringency and stained with streptavidin-phycoerythrin. Fluorescence was amplified by adding biotinylated anti-streptavidin and an additional aliquot of streptavidin-phycoerythrin stain.","A confocal scanner was used to collect fluorescence signal at 3um resolution after excitation at 570 nm. The average signal from two sequential scans was calculated for each microarray feature.","n/a","Affymetrix Microarray Suite 5.0 was used to quantitate expression levels for targeted genes; default values provided by Affymetrix were applied to all analysis parameters. Border pixels were removed, and the average intensity of pixels within the 75th percentile was computed for each probe. The average of the lowest 2% of probe intensities occurring in each of 16 microarray sectors was set as background and subtracted from all features in that sector. Probe pairs were scored positive or negative for detection of the targeted sequence by comparing signals from the perfect match and mismatch probe features.","GPL1261","Michael,,Hughes","michael.evan.hughes@gmail.com","UPenn","421 Curie Bvd, Brb 835","Philadelphia","PA","19104","USA","ftp://ftp.ncbi.nlm.nih.gov/geo/samples/GSM301nnn/GSM301395/suppl/GSM301395.CEL.gz","45101","Reanalyzed by: GSE28622","Reanalyzed by: GSE119085"
